filename,image_path,aesthetic_score,width,height
room_0001.jpg,images/room_0001.jpg,9.81,341,256
room_0002.jpg,images/room_0002.jpg,9.44,256,341
room_0003.jpg,images/room_0003.jpg,9.17,341,256
room_0004.jpg,images/room_0004.jpg,9.58,341,256
room_0005.jpg,images/room_0005.jpg,9.7,383,256
room_0006.jpg,images/room_0006.jpg,9.19,358,256
room_0007.jpg,images/room_0007.jpg,8.76,380,256
room_0008.jpg,images/room_0008.jpg,9.73,385,256
room_0009.jpg,images/room_0009.jpg,9.53,313,256
room_0010.jpg,images/room_0010.jpg,8.59,383,256
room_0011.jpg,images/room_0011.jpg,9.36,386,256
room_0012.jpg,images/room_0012.jpg,8.32,457,256
room_0013.jpg,images/room_0013.jpg,9.04,341,256
room_0014.jpg,images/room_0014.jpg,9.53,341,256
room_0015.jpg,images/room_0015.jpg,9.22,256,256
room_0016.jpg,images/room_0016.jpg,5.74,358,256
room_0017.jpg,images/room_0017.jpg,8.1,256,256
room_0018.jpg,images/room_0018.jpg,9.29,455,256
room_0019.jpg,images/room_0019.jpg,8.24,384,256
room_0020.jpg,images/room_0020.jpg,9.48,618,256
room_0021.jpg,images/room_0021.jpg,9.7,467,256
room_0022.jpg,images/room_0022.jpg,9.48,384,256
room_0023.jpg,images/room_0023.jpg,8.8,320,256
room_0024.jpg,images/room_0024.jpg,8.28,256,384
room_0025.jpg,images/room_0025.jpg,9.44,406,256
room_0026.jpg,images/room_0026.jpg,8.9,341,256
room_0027.jpg,images/room_0027.jpg,9.64,557,256
room_0028.jpg,images/room_0028.jpg,8.58,384,256
room_0029.jpg,images/room_0029.jpg,9.85,256,275
room_0030.jpg,images/room_0030.jpg,8.14,341,256
room_0031.jpg,images/room_0031.jpg,9.26,341,256
room_0032.jpg,images/room_0032.jpg,8.94,384,256
room_0033.jpg,images/room_0033.jpg,9.66,371,256
room_0034.jpg,images/room_0034.jpg,7.22,367,256
room_0035.jpg,images/room_0035.jpg,9.03,341,256
room_0036.jpg,images/room_0036.jpg,9.67,334,256
room_0037.jpg,images/room_0037.jpg,8.91,384,256
room_0038.jpg,images/room_0038.jpg,9.22,481,256
room_0039.jpg,images/room_0039.jpg,8.29,299,256
room_0040.jpg,images/room_0040.jpg,8.7,256,256
room_0041.jpg,images/room_0041.jpg,9.33,341,256
room_0042.jpg,images/room_0042.jpg,8.77,467,256
room_0043.jpg,images/room_0043.jpg,7.55,452,256
room_0044.jpg,images/room_0044.jpg,8.32,341,256
room_0045.jpg,images/room_0045.jpg,6.49,385,256
room_0046.jpg,images/room_0046.jpg,8.74,256,384
room_0047.jpg,images/room_0047.jpg,6.73,341,256
room_0048.jpg,images/room_0048.jpg,9.66,341,256
room_0049.jpg,images/room_0049.jpg,8.84,256,260
room_0050.jpg,images/room_0050.jpg,9.62,384,256
room_0051.jpg,images/room_0051.jpg,8.67,383,256
room_0052.jpg,images/room_0052.jpg,9.39,341,256
room_0053.jpg,images/room_0053.jpg,9.37,342,256
room_0054.jpg,images/room_0054.jpg,9.65,341,256
room_0055.jpg,images/room_0055.jpg,9.6,256,341
room_0056.jpg,images/room_0056.jpg,3.02,343,256
room_0057.jpg,images/room_0057.jpg,9.07,341,256
room_0058.jpg,images/room_0058.jpg,9.12,341,256
room_0059.jpg,images/room_0059.jpg,8.54,358,256
room_0060.jpg,images/room_0060.jpg,9.1,381,256
room_0061.jpg,images/room_0061.jpg,8.34,341,256
room_0062.jpg,images/room_0062.jpg,9.74,355,256
room_0063.jpg,images/room_0063.jpg,8.33,341,256
room_0064.jpg,images/room_0064.jpg,8.76,467,256
room_0065.jpg,images/room_0065.jpg,8.11,256,340
room_0066.jpg,images/room_0066.jpg,8.46,256,298
room_0067.jpg,images/room_0067.jpg,9.1,355,256
room_0068.jpg,images/room_0068.jpg,8.79,414,256
room_0069.jpg,images/room_0069.jpg,6.3,256,384
room_0070.jpg,images/room_0070.jpg,9.65,323,256
room_0071.jpg,images/room_0071.jpg,9.28,341,256
room_0072.jpg,images/room_0072.jpg,9.64,352,256
room_0073.jpg,images/room_0073.jpg,9.56,384,256
room_0074.jpg,images/room_0074.jpg,9.31,256,256
room_0075.jpg,images/room_0075.jpg,8.79,256,256
room_0076.jpg,images/room_0076.jpg,8.94,256,341
room_0077.jpg,images/room_0077.jpg,8.88,358,256
room_0078.jpg,images/room_0078.jpg,8.92,341,256
room_0079.jpg,images/room_0079.jpg,7.86,384,256
room_0080.jpg,images/room_0080.jpg,8.77,341,256
room_0081.jpg,images/room_0081.jpg,8.3,256,256
room_0082.jpg,images/room_0082.jpg,8.88,383,256
room_0083.jpg,images/room_0083.jpg,8.44,455,256
room_0084.jpg,images/room_0084.jpg,7.33,383,256
room_0085.jpg,images/room_0085.jpg,9.84,385,256
room_0086.jpg,images/room_0086.jpg,7.79,384,256
room_0087.jpg,images/room_0087.jpg,8.51,384,256
room_0088.jpg,images/room_0088.jpg,8.69,256,256
room_0089.jpg,images/room_0089.jpg,9.54,467,256
room_0090.jpg,images/room_0090.jpg,8.49,682,256
room_0091.jpg,images/room_0091.jpg,9.73,341,256
room_0092.jpg,images/room_0092.jpg,7.89,341,256
room_0093.jpg,images/room_0093.jpg,9.67,273,256
room_0094.jpg,images/room_0094.jpg,9.42,285,256
room_0095.jpg,images/room_0095.jpg,8.33,341,256
room_0096.jpg,images/room_0096.jpg,9.45,384,256
room_0097.jpg,images/room_0097.jpg,8.19,384,256
room_0098.jpg,images/room_0098.jpg,6.9,378,256
room_0099.jpg,images/room_0099.jpg,7.98,384,256
room_0100.jpg,images/room_0100.jpg,8.29,384,256
room_0101.jpg,images/room_0101.jpg,9.9,409,256
room_0102.jpg,images/room_0102.jpg,9.33,896,256
room_0103.jpg,images/room_0103.jpg,8.94,384,256
room_0104.jpg,images/room_0104.jpg,9.58,384,256
room_0105.jpg,images/room_0105.jpg,8.91,340,256
room_0106.jpg,images/room_0106.jpg,9.4,341,256
room_0107.jpg,images/room_0107.jpg,8.25,384,256
room_0108.jpg,images/room_0108.jpg,9.64,376,256
room_0109.jpg,images/room_0109.jpg,9.17,341,256
room_0110.jpg,images/room_0110.jpg,7.57,384,256
room_0111.jpg,images/room_0111.jpg,8.22,341,256
room_0112.jpg,images/room_0112.jpg,6.95,447,256
room_0113.jpg,images/room_0113.jpg,9.34,384,256
room_0114.jpg,images/room_0114.jpg,8.14,687,256
room_0115.jpg,images/room_0115.jpg,9.16,383,256
room_0116.jpg,images/room_0116.jpg,8.77,256,256
room_0117.jpg,images/room_0117.jpg,8.7,490,256
room_0118.jpg,images/room_0118.jpg,9.85,384,256
room_0119.jpg,images/room_0119.jpg,9.56,329,256
room_0120.jpg,images/room_0120.jpg,9.59,343,256
room_0121.jpg,images/room_0121.jpg,9.1,341,256
room_0122.jpg,images/room_0122.jpg,9.28,341,256
room_0123.jpg,images/room_0123.jpg,9.77,341,256
room_0124.jpg,images/room_0124.jpg,9.68,358,256
room_0125.jpg,images/room_0125.jpg,9.81,375,256
room_0126.jpg,images/room_0126.jpg,8.92,383,256
room_0127.jpg,images/room_0127.jpg,9.45,341,256
room_0128.jpg,images/room_0128.jpg,6.39,381,256
room_0129.jpg,images/room_0129.jpg,8.97,384,256
room_0130.jpg,images/room_0130.jpg,9.6,409,256
room_0131.jpg,images/room_0131.jpg,9.7,341,256
room_0132.jpg,images/room_0132.jpg,9.63,320,256
room_0133.jpg,images/room_0133.jpg,9.14,376,256
room_0134.jpg,images/room_0134.jpg,9.73,341,256
room_0135.jpg,images/room_0135.jpg,8.74,341,256
room_0136.jpg,images/room_0136.jpg,9.29,384,256
room_0137.jpg,images/room_0137.jpg,8.71,370,256
room_0138.jpg,images/room_0138.jpg,9.68,383,256
room_0139.jpg,images/room_0139.jpg,9.84,341,256
room_0140.jpg,images/room_0140.jpg,7.55,341,256
room_0141.jpg,images/room_0141.jpg,9.43,341,256
room_0142.jpg,images/room_0142.jpg,9.72,384,256
room_0143.jpg,images/room_0143.jpg,9.57,317,256
room_0144.jpg,images/room_0144.jpg,9.73,455,256
room_0145.jpg,images/room_0145.jpg,9.53,340,256
room_0146.jpg,images/room_0146.jpg,9.57,438,256
room_0147.jpg,images/room_0147.jpg,9.1,481,256
room_0148.jpg,images/room_0148.jpg,9.17,689,256
room_0149.jpg,images/room_0149.jpg,9.73,385,256
room_0150.jpg,images/room_0150.jpg,9.77,387,256
room_0151.jpg,images/room_0151.jpg,9.66,383,256
room_0152.jpg,images/room_0152.jpg,8.56,341,256
room_0153.jpg,images/room_0153.jpg,9.26,383,256
room_0154.jpg,images/room_0154.jpg,9.58,384,256
room_0155.jpg,images/room_0155.jpg,9.4,376,256
room_0156.jpg,images/room_0156.jpg,9.81,343,256
room_0157.jpg,images/room_0157.jpg,8.87,384,256
room_0158.jpg,images/room_0158.jpg,9.81,341,256
room_0159.jpg,images/room_0159.jpg,9.51,340,256
room_0160.jpg,images/room_0160.jpg,8.36,524,256
room_0161.jpg,images/room_0161.jpg,9.08,341,256
room_0162.jpg,images/room_0162.jpg,9.71,341,256
room_0163.jpg,images/room_0163.jpg,9.04,256,256
room_0164.jpg,images/room_0164.jpg,9.31,378,256
room_0165.jpg,images/room_0165.jpg,9.01,384,256
room_0166.jpg,images/room_0166.jpg,9.43,341,256
room_0167.jpg,images/room_0167.jpg,9.61,383,256
room_0168.jpg,images/room_0168.jpg,6.08,382,256
room_0169.jpg,images/room_0169.jpg,9.6,341,256
room_0170.jpg,images/room_0170.jpg,8.08,456,256
room_0171.jpg,images/room_0171.jpg,9.43,341,256
room_0172.jpg,images/room_0172.jpg,9.27,341,256
room_0173.jpg,images/room_0173.jpg,8.72,451,256
room_0174.jpg,images/room_0174.jpg,8.77,341,256
room_0175.jpg,images/room_0175.jpg,9.46,384,256
room_0176.jpg,images/room_0176.jpg,7.64,256,256
room_0177.jpg,images/room_0177.jpg,9.45,340,256
room_0178.jpg,images/room_0178.jpg,8.4,356,256
room_0179.jpg,images/room_0179.jpg,8.82,322,256
room_0180.jpg,images/room_0180.jpg,9.4,704,256
room_0181.jpg,images/room_0181.jpg,8.91,455,256
room_0182.jpg,images/room_0182.jpg,8.29,256,341
room_0183.jpg,images/room_0183.jpg,9.79,384,256
room_0184.jpg,images/room_0184.jpg,9.12,384,256
room_0185.jpg,images/room_0185.jpg,5.68,342,256
room_0186.jpg,images/room_0186.jpg,9.08,256,256
room_0187.jpg,images/room_0187.jpg,9.17,341,256
room_0188.jpg,images/room_0188.jpg,8.95,384,256
room_0189.jpg,images/room_0189.jpg,9.78,256,304
room_0190.jpg,images/room_0190.jpg,9.49,385,256
room_0191.jpg,images/room_0191.jpg,7.43,512,256
room_0192.jpg,images/room_0192.jpg,9.07,407,256
room_0193.jpg,images/room_0193.jpg,9.28,341,256
room_0194.jpg,images/room_0194.jpg,9.1,384,256
room_0195.jpg,images/room_0195.jpg,9.68,256,256
room_0196.jpg,images/room_0196.jpg,7.68,470,256
room_0197.jpg,images/room_0197.jpg,9.37,320,256
room_0198.jpg,images/room_0198.jpg,8.84,365,256
room_0199.jpg,images/room_0199.jpg,6.84,314,256
room_0200.jpg,images/room_0200.jpg,8.31,334,256
room_0201.jpg,images/room_0201.jpg,5.74,327,256
room_0202.jpg,images/room_0202.jpg,9.04,385,256
room_0203.jpg,images/room_0203.jpg,9.21,344,256
room_0204.jpg,images/room_0204.jpg,9.8,341,256
room_0205.jpg,images/room_0205.jpg,8.51,341,256
room_0206.jpg,images/room_0206.jpg,8.26,256,256
room_0207.jpg,images/room_0207.jpg,9.29,256,256
room_0208.jpg,images/room_0208.jpg,8.92,341,256
room_0209.jpg,images/room_0209.jpg,7.47,385,256
room_0210.jpg,images/room_0210.jpg,9.62,386,256
room_0211.jpg,images/room_0211.jpg,9.11,256,274
room_0212.jpg,images/room_0212.jpg,8.94,342,256
room_0213.jpg,images/room_0213.jpg,8.58,384,256
room_0214.jpg,images/room_0214.jpg,9.22,341,256
room_0215.jpg,images/room_0215.jpg,9.61,256,292
room_0216.jpg,images/room_0216.jpg,9.26,384,256
room_0217.jpg,images/room_0217.jpg,8.95,384,256
room_0218.jpg,images/room_0218.jpg,7.24,385,256
room_0219.jpg,images/room_0219.jpg,7.51,256,347
room_0220.jpg,images/room_0220.jpg,8.78,256,325
room_0221.jpg,images/room_0221.jpg,8.3,384,256
room_0222.jpg,images/room_0222.jpg,9.92,320,256
room_0223.jpg,images/room_0223.jpg,9.32,384,256
room_0224.jpg,images/room_0224.jpg,9.57,324,256
room_0225.jpg,images/room_0225.jpg,9.83,384,256
room_0226.jpg,images/room_0226.jpg,8.84,341,256
room_0227.jpg,images/room_0227.jpg,8.98,341,256
room_0228.jpg,images/room_0228.jpg,9.64,383,256
room_0229.jpg,images/room_0229.jpg,9.81,384,256
room_0230.jpg,images/room_0230.jpg,8.64,664,256
room_0231.jpg,images/room_0231.jpg,9.29,382,256
room_0232.jpg,images/room_0232.jpg,7.7,256,256
room_0233.jpg,images/room_0233.jpg,9.35,384,256
room_0234.jpg,images/room_0234.jpg,9.4,411,256
room_0235.jpg,images/room_0235.jpg,9.63,383,256
room_0236.jpg,images/room_0236.jpg,8.31,412,256
room_0237.jpg,images/room_0237.jpg,9.32,382,256
room_0238.jpg,images/room_0238.jpg,9.39,341,256
room_0239.jpg,images/room_0239.jpg,9.31,341,256
room_0240.jpg,images/room_0240.jpg,9.11,256,256
room_0241.jpg,images/room_0241.jpg,8.82,341,256
room_0242.jpg,images/room_0242.jpg,7.44,256,256
room_0243.jpg,images/room_0243.jpg,9.26,341,256
room_0244.jpg,images/room_0244.jpg,9.42,366,256
room_0245.jpg,images/room_0245.jpg,8.9,361,256
room_0246.jpg,images/room_0246.jpg,8.19,341,256
room_0247.jpg,images/room_0247.jpg,9.09,381,256
room_0248.jpg,images/room_0248.jpg,8.06,384,256
room_0249.jpg,images/room_0249.jpg,9.5,340,256
room_0250.jpg,images/room_0250.jpg,8.74,341,256
room_0251.jpg,images/room_0251.jpg,9.28,343,256
room_0252.jpg,images/room_0252.jpg,9.7,384,256
room_0253.jpg,images/room_0253.jpg,8.89,383,256
room_0254.jpg,images/room_0254.jpg,9.24,384,256
room_0255.jpg,images/room_0255.jpg,8.97,340,256
room_0256.jpg,images/room_0256.jpg,8.96,284,256
room_0257.jpg,images/room_0257.jpg,8.65,384,256
room_0258.jpg,images/room_0258.jpg,9.19,256,256
room_0259.jpg,images/room_0259.jpg,8.5,384,256
room_0260.jpg,images/room_0260.jpg,9.76,341,256
room_0261.jpg,images/room_0261.jpg,9.33,256,384
room_0262.jpg,images/room_0262.jpg,9.31,256,256
room_0263.jpg,images/room_0263.jpg,7.92,383,256
room_0264.jpg,images/room_0264.jpg,6.59,409,256
room_0265.jpg,images/room_0265.jpg,9.05,340,256
room_0266.jpg,images/room_0266.jpg,9.87,341,256
room_0267.jpg,images/room_0267.jpg,9.3,381,256
room_0268.jpg,images/room_0268.jpg,9.4,256,341
room_0269.jpg,images/room_0269.jpg,9.77,381,256
room_0270.jpg,images/room_0270.jpg,9.62,383,256
room_0271.jpg,images/room_0271.jpg,9.75,341,256
room_0272.jpg,images/room_0272.jpg,8.19,341,256
room_0273.jpg,images/room_0273.jpg,8.29,341,256
room_0274.jpg,images/room_0274.jpg,9.57,341,256
room_0275.jpg,images/room_0275.jpg,8.37,383,256
room_0276.jpg,images/room_0276.jpg,6.64,480,256
room_0277.jpg,images/room_0277.jpg,8.8,341,256
room_0278.jpg,images/room_0278.jpg,9.37,384,256
room_0279.jpg,images/room_0279.jpg,8.68,319,256
room_0280.jpg,images/room_0280.jpg,8.33,363,256
room_0281.jpg,images/room_0281.jpg,7.69,375,256
room_0282.jpg,images/room_0282.jpg,8.77,341,256
room_0283.jpg,images/room_0283.jpg,9.86,256,256
room_0284.jpg,images/room_0284.jpg,8.15,455,256
room_0285.jpg,images/room_0285.jpg,8.73,256,256
room_0286.jpg,images/room_0286.jpg,9.75,653,256
room_0287.jpg,images/room_0287.jpg,9.77,384,256
room_0288.jpg,images/room_0288.jpg,9.32,385,256
room_0289.jpg,images/room_0289.jpg,9.73,341,256
room_0290.jpg,images/room_0290.jpg,9.23,341,256
room_0291.jpg,images/room_0291.jpg,5.71,341,256
room_0292.jpg,images/room_0292.jpg,7.61,256,382
room_0293.jpg,images/room_0293.jpg,7.99,347,256
room_0294.jpg,images/room_0294.jpg,9.22,455,256
room_0295.jpg,images/room_0295.jpg,8.04,409,256
room_0296.jpg,images/room_0296.jpg,9.37,341,256
room_0297.jpg,images/room_0297.jpg,7.44,344,256
room_0298.jpg,images/room_0298.jpg,8.06,384,256
room_0299.jpg,images/room_0299.jpg,8.94,384,256
room_0300.jpg,images/room_0300.jpg,9.21,498,256
room_0301.jpg,images/room_0301.jpg,8.3,384,256
room_0302.jpg,images/room_0302.jpg,9.14,383,256
room_0303.jpg,images/room_0303.jpg,8.66,360,256
room_0304.jpg,images/room_0304.jpg,9.22,384,256
room_0305.jpg,images/room_0305.jpg,9.12,341,256
room_0306.jpg,images/room_0306.jpg,9.3,384,256
room_0307.jpg,images/room_0307.jpg,9.54,341,256
room_0308.jpg,images/room_0308.jpg,9.2,383,256
room_0309.jpg,images/room_0309.jpg,9.51,385,256
room_0310.jpg,images/room_0310.jpg,9.82,256,384
room_0311.jpg,images/room_0311.jpg,9.3,256,341
room_0312.jpg,images/room_0312.jpg,9.18,370,256
room_0313.jpg,images/room_0313.jpg,9.56,256,256
room_0314.jpg,images/room_0314.jpg,9.32,256,256
room_0315.jpg,images/room_0315.jpg,8.62,341,256
room_0316.jpg,images/room_0316.jpg,9.5,384,256
room_0317.jpg,images/room_0317.jpg,8.68,256,274
room_0318.jpg,images/room_0318.jpg,9.1,384,256
room_0319.jpg,images/room_0319.jpg,8.08,332,256
room_0320.jpg,images/room_0320.jpg,9.48,339,256
room_0321.jpg,images/room_0321.jpg,5.81,339,256
room_0322.jpg,images/room_0322.jpg,9.34,342,256
room_0323.jpg,images/room_0323.jpg,9.67,294,256
room_0324.jpg,images/room_0324.jpg,8.64,383,256
room_0325.jpg,images/room_0325.jpg,7.76,335,256
room_0326.jpg,images/room_0326.jpg,9.41,341,256
room_0327.jpg,images/room_0327.jpg,9.83,339,256
room_0328.jpg,images/room_0328.jpg,9.25,341,256
room_0329.jpg,images/room_0329.jpg,7.9,256,256
room_0330.jpg,images/room_0330.jpg,8.61,256,256
room_0331.jpg,images/room_0331.jpg,7.93,384,256
room_0332.jpg,images/room_0332.jpg,9.47,389,256
room_0333.jpg,images/room_0333.jpg,7.72,456,256
room_0334.jpg,images/room_0334.jpg,8.12,459,256
room_0335.jpg,images/room_0335.jpg,9.14,384,256
room_0336.jpg,images/room_0336.jpg,8.6,383,256
room_0337.jpg,images/room_0337.jpg,9.29,341,256
room_0338.jpg,images/room_0338.jpg,9.41,341,256
room_0339.jpg,images/room_0339.jpg,8.72,256,256
room_0340.jpg,images/room_0340.jpg,9.73,384,256
room_0341.jpg,images/room_0341.jpg,9.84,341,256
room_0342.jpg,images/room_0342.jpg,7.9,377,256
room_0343.jpg,images/room_0343.jpg,9.32,336,256
room_0344.jpg,images/room_0344.jpg,8.38,384,256
room_0345.jpg,images/room_0345.jpg,9.54,328,256
room_0346.jpg,images/room_0346.jpg,8.72,383,256
room_0347.jpg,images/room_0347.jpg,8.21,256,256
room_0348.jpg,images/room_0348.jpg,8.35,383,256
room_0349.jpg,images/room_0349.jpg,9.33,284,256
room_0350.jpg,images/room_0350.jpg,9.24,341,256
room_0351.jpg,images/room_0351.jpg,9.54,383,256
room_0352.jpg,images/room_0352.jpg,9.51,356,256
room_0353.jpg,images/room_0353.jpg,9.2,394,256
room_0354.jpg,images/room_0354.jpg,9.18,425,256
room_0355.jpg,images/room_0355.jpg,9.4,384,256
room_0356.jpg,images/room_0356.jpg,8.88,386,256
room_0357.jpg,images/room_0357.jpg,9.1,384,256
room_0358.jpg,images/room_0358.jpg,8.87,256,342
room_0359.jpg,images/room_0359.jpg,9.26,341,256
room_0360.jpg,images/room_0360.jpg,9.38,384,256
room_0361.jpg,images/room_0361.jpg,9.7,341,256
room_0362.jpg,images/room_0362.jpg,8.29,341,256
room_0363.jpg,images/room_0363.jpg,8.73,256,358
room_0364.jpg,images/room_0364.jpg,9.07,467,256
room_0365.jpg,images/room_0365.jpg,9.69,341,256
room_0366.jpg,images/room_0366.jpg,9.53,387,256
room_0367.jpg,images/room_0367.jpg,9.14,341,256
room_0368.jpg,images/room_0368.jpg,9.57,384,256
room_0369.jpg,images/room_0369.jpg,9.17,341,256
room_0370.jpg,images/room_0370.jpg,9.43,325,256
room_0371.jpg,images/room_0371.jpg,9.51,443,256
room_0372.jpg,images/room_0372.jpg,9.72,383,256
room_0373.jpg,images/room_0373.jpg,9.28,383,256
room_0374.jpg,images/room_0374.jpg,8.33,384,256
room_0375.jpg,images/room_0375.jpg,9.54,341,256
room_0376.jpg,images/room_0376.jpg,8.77,382,256
room_0377.jpg,images/room_0377.jpg,9.32,343,256
room_0378.jpg,images/room_0378.jpg,8.76,344,256
room_0379.jpg,images/room_0379.jpg,8.79,385,256
room_0380.jpg,images/room_0380.jpg,9.55,340,256
room_0381.jpg,images/room_0381.jpg,5.26,341,256
room_0382.jpg,images/room_0382.jpg,9.5,340,256
room_0383.jpg,images/room_0383.jpg,9.26,341,256
room_0384.jpg,images/room_0384.jpg,9.31,426,256
room_0385.jpg,images/room_0385.jpg,9.13,307,256
room_0386.jpg,images/room_0386.jpg,8.47,341,256
room_0387.jpg,images/room_0387.jpg,9.62,341,256
room_0388.jpg,images/room_0388.jpg,9.66,256,403
room_0389.jpg,images/room_0389.jpg,9.26,377,256
room_0390.jpg,images/room_0390.jpg,9.1,341,256
room_0391.jpg,images/room_0391.jpg,8.38,341,256
room_0392.jpg,images/room_0392.jpg,9.58,384,256
room_0393.jpg,images/room_0393.jpg,9.63,256,385
room_0394.jpg,images/room_0394.jpg,7.89,332,256
room_0395.jpg,images/room_0395.jpg,9.29,384,256
room_0396.jpg,images/room_0396.jpg,8.37,256,437
room_0397.jpg,images/room_0397.jpg,9.2,256,341
room_0398.jpg,images/room_0398.jpg,9.52,341,256
room_0399.jpg,images/room_0399.jpg,7.87,341,256
room_0400.jpg,images/room_0400.jpg,7.58,303,256
room_0401.jpg,images/room_0401.jpg,8.99,256,256
room_0402.jpg,images/room_0402.jpg,9.4,383,256
room_0403.jpg,images/room_0403.jpg,9.39,386,256
room_0404.jpg,images/room_0404.jpg,9.08,341,256
room_0405.jpg,images/room_0405.jpg,9.66,340,256
room_0406.jpg,images/room_0406.jpg,9.08,426,256
room_0407.jpg,images/room_0407.jpg,9.57,384,256
room_0408.jpg,images/room_0408.jpg,6.31,264,256
room_0409.jpg,images/room_0409.jpg,8.42,341,256
room_0410.jpg,images/room_0410.jpg,9.08,385,256
room_0411.jpg,images/room_0411.jpg,8.49,256,256
room_0412.jpg,images/room_0412.jpg,9.11,341,256
room_0413.jpg,images/room_0413.jpg,9.93,341,256
room_0414.jpg,images/room_0414.jpg,8.66,341,256
room_0415.jpg,images/room_0415.jpg,9.12,341,256
room_0416.jpg,images/room_0416.jpg,8.15,256,384
room_0417.jpg,images/room_0417.jpg,7.3,322,256
room_0418.jpg,images/room_0418.jpg,8.49,341,256
room_0419.jpg,images/room_0419.jpg,8.82,336,256
room_0420.jpg,images/room_0420.jpg,5.7,386,256
room_0421.jpg,images/room_0421.jpg,9.85,457,256
room_0422.jpg,images/room_0422.jpg,9.44,321,256
room_0423.jpg,images/room_0423.jpg,8.91,485,256
room_0424.jpg,images/room_0424.jpg,9.23,384,256
room_0425.jpg,images/room_0425.jpg,9.53,320,256
room_0426.jpg,images/room_0426.jpg,9.12,350,256
room_0427.jpg,images/room_0427.jpg,8.88,341,256
room_0428.jpg,images/room_0428.jpg,9.57,341,256
room_0429.jpg,images/room_0429.jpg,7.52,384,256
room_0430.jpg,images/room_0430.jpg,9.29,384,256
room_0431.jpg,images/room_0431.jpg,9.3,341,256
room_0432.jpg,images/room_0432.jpg,9.41,384,256
room_0433.jpg,images/room_0433.jpg,8.53,331,256
room_0434.jpg,images/room_0434.jpg,8.93,414,256
room_0435.jpg,images/room_0435.jpg,9.72,341,256
room_0436.jpg,images/room_0436.jpg,9.6,256,321
room_0437.jpg,images/room_0437.jpg,9.3,341,256
room_0438.jpg,images/room_0438.jpg,9.28,256,341
room_0439.jpg,images/room_0439.jpg,9.74,385,256
room_0440.jpg,images/room_0440.jpg,9.54,384,256
room_0441.jpg,images/room_0441.jpg,7.12,327,256
room_0442.jpg,images/room_0442.jpg,8.86,341,256
room_0443.jpg,images/room_0443.jpg,8.67,341,256
room_0444.jpg,images/room_0444.jpg,8.73,341,256
room_0445.jpg,images/room_0445.jpg,8.8,341,256
room_0446.jpg,images/room_0446.jpg,9.85,384,256
room_0447.jpg,images/room_0447.jpg,9.65,385,256
room_0448.jpg,images/room_0448.jpg,9.5,341,256
room_0449.jpg,images/room_0449.jpg,9.45,385,256
room_0450.jpg,images/room_0450.jpg,9.88,340,256
room_0451.jpg,images/room_0451.jpg,7.75,341,256
room_0452.jpg,images/room_0452.jpg,8.42,521,256
room_0453.jpg,images/room_0453.jpg,9.21,384,256
room_0454.jpg,images/room_0454.jpg,9.11,341,256
room_0455.jpg,images/room_0455.jpg,9.69,384,256
room_0456.jpg,images/room_0456.jpg,5.42,256,341
room_0457.jpg,images/room_0457.jpg,9.02,341,256
room_0458.jpg,images/room_0458.jpg,9.69,385,256
room_0459.jpg,images/room_0459.jpg,9.28,408,256
room_0460.jpg,images/room_0460.jpg,7.53,383,256
room_0461.jpg,images/room_0461.jpg,9.39,341,256
room_0462.jpg,images/room_0462.jpg,8.19,448,256
room_0463.jpg,images/room_0463.jpg,9.15,256,341
room_0464.jpg,images/room_0464.jpg,9.31,505,256
room_0465.jpg,images/room_0465.jpg,9.48,383,256
room_0466.jpg,images/room_0466.jpg,9.01,387,256
room_0467.jpg,images/room_0467.jpg,9.24,375,256
room_0468.jpg,images/room_0468.jpg,9.58,341,256
room_0469.jpg,images/room_0469.jpg,7.44,256,284
room_0470.jpg,images/room_0470.jpg,9.39,339,256
room_0471.jpg,images/room_0471.jpg,9.26,386,256
room_0472.jpg,images/room_0472.jpg,7.77,341,256
room_0473.jpg,images/room_0473.jpg,7.77,341,256
room_0474.jpg,images/room_0474.jpg,9.32,341,256
room_0475.jpg,images/room_0475.jpg,8.58,281,256
room_0476.jpg,images/room_0476.jpg,9.42,256,313
room_0477.jpg,images/room_0477.jpg,9.2,384,256
room_0478.jpg,images/room_0478.jpg,9.06,327,256
room_0479.jpg,images/room_0479.jpg,9.69,340,256
room_0480.jpg,images/room_0480.jpg,8.49,256,256
room_0481.jpg,images/room_0481.jpg,8.19,467,256
room_0482.jpg,images/room_0482.jpg,9.77,341,256
room_0483.jpg,images/room_0483.jpg,9.02,384,256
room_0484.jpg,images/room_0484.jpg,8.37,341,256
room_0485.jpg,images/room_0485.jpg,9.24,382,256
room_0486.jpg,images/room_0486.jpg,8.24,384,256
room_0487.jpg,images/room_0487.jpg,9.58,423,256
room_0488.jpg,images/room_0488.jpg,9.58,341,256
room_0489.jpg,images/room_0489.jpg,8.49,384,256
room_0490.jpg,images/room_0490.jpg,6.98,341,256
room_0491.jpg,images/room_0491.jpg,9.05,384,256
room_0492.jpg,images/room_0492.jpg,9.92,365,256
room_0493.jpg,images/room_0493.jpg,6.52,256,384
room_0494.jpg,images/room_0494.jpg,9.5,444,256
room_0495.jpg,images/room_0495.jpg,7.94,384,256
room_0496.jpg,images/room_0496.jpg,9.41,342,256
room_0497.jpg,images/room_0497.jpg,8.56,341,256
room_0498.jpg,images/room_0498.jpg,9.74,341,256
room_0499.jpg,images/room_0499.jpg,9.47,341,256
room_0500.jpg,images/room_0500.jpg,6.5,256,341
