image_path,score
images/room_0001.jpg,9.81
images/room_0002.jpg,9.44
images/room_0003.jpg,9.17
images/room_0004.jpg,9.58
images/room_0005.jpg,9.7
images/room_0006.jpg,9.19
images/room_0007.jpg,8.76
images/room_0008.jpg,9.73
images/room_0009.jpg,9.53
images/room_0010.jpg,8.59
images/room_0011.jpg,9.36
images/room_0012.jpg,8.32
images/room_0013.jpg,9.04
images/room_0014.jpg,9.53
images/room_0015.jpg,9.22
images/room_0016.jpg,5.74
images/room_0017.jpg,8.1
images/room_0018.jpg,9.29
images/room_0019.jpg,8.24
images/room_0020.jpg,9.48
images/room_0021.jpg,9.7
images/room_0022.jpg,9.48
images/room_0023.jpg,8.8
images/room_0024.jpg,8.28
images/room_0025.jpg,9.44
images/room_0026.jpg,8.9
images/room_0027.jpg,9.64
images/room_0028.jpg,8.58
images/room_0029.jpg,9.85
images/room_0030.jpg,8.14
images/room_0031.jpg,9.26
images/room_0032.jpg,8.94
images/room_0033.jpg,9.66
images/room_0034.jpg,7.22
images/room_0035.jpg,9.03
images/room_0036.jpg,9.67
images/room_0037.jpg,8.91
images/room_0038.jpg,9.22
images/room_0039.jpg,8.29
images/room_0040.jpg,8.7
images/room_0041.jpg,9.33
images/room_0042.jpg,8.77
images/room_0043.jpg,7.55
images/room_0044.jpg,8.32
images/room_0045.jpg,6.49
images/room_0046.jpg,8.74
images/room_0047.jpg,6.73
images/room_0048.jpg,9.66
images/room_0049.jpg,8.84
images/room_0050.jpg,9.62
images/room_0051.jpg,8.67
images/room_0052.jpg,9.39
images/room_0053.jpg,9.37
images/room_0054.jpg,9.65
images/room_0055.jpg,9.6
images/room_0056.jpg,3.02
images/room_0057.jpg,9.07
images/room_0058.jpg,9.12
images/room_0059.jpg,8.54
images/room_0060.jpg,9.1
images/room_0061.jpg,8.34
images/room_0062.jpg,9.74
images/room_0063.jpg,8.33
images/room_0064.jpg,8.76
images/room_0065.jpg,8.11
images/room_0066.jpg,8.46
images/room_0067.jpg,9.1
images/room_0068.jpg,8.79
images/room_0069.jpg,6.3
images/room_0070.jpg,9.65
images/room_0071.jpg,9.28
images/room_0072.jpg,9.64
images/room_0073.jpg,9.56
images/room_0074.jpg,9.31
images/room_0075.jpg,8.79
images/room_0076.jpg,8.94
images/room_0077.jpg,8.88
images/room_0078.jpg,8.92
images/room_0079.jpg,7.86
images/room_0080.jpg,8.77
images/room_0081.jpg,8.3
images/room_0082.jpg,8.88
images/room_0083.jpg,8.44
images/room_0084.jpg,7.33
images/room_0085.jpg,9.84
images/room_0086.jpg,7.79
images/room_0087.jpg,8.51
images/room_0088.jpg,8.69
images/room_0089.jpg,9.54
images/room_0090.jpg,8.49
images/room_0091.jpg,9.73
images/room_0092.jpg,7.89
images/room_0093.jpg,9.67
images/room_0094.jpg,9.42
images/room_0095.jpg,8.33
images/room_0096.jpg,9.45
images/room_0097.jpg,8.19
images/room_0098.jpg,6.9
images/room_0099.jpg,7.98
images/room_0100.jpg,8.29
images/room_0101.jpg,9.9
images/room_0102.jpg,9.33
images/room_0103.jpg,8.94
images/room_0104.jpg,9.58
images/room_0105.jpg,8.91
images/room_0106.jpg,9.4
images/room_0107.jpg,8.25
images/room_0108.jpg,9.64
images/room_0109.jpg,9.17
images/room_0110.jpg,7.57
images/room_0111.jpg,8.22
images/room_0112.jpg,6.95
images/room_0113.jpg,9.34
images/room_0114.jpg,8.14
images/room_0115.jpg,9.16
images/room_0116.jpg,8.77
images/room_0117.jpg,8.7
images/room_0118.jpg,9.85
images/room_0119.jpg,9.56
images/room_0120.jpg,9.59
images/room_0121.jpg,9.1
images/room_0122.jpg,9.28
images/room_0123.jpg,9.77
images/room_0124.jpg,9.68
images/room_0125.jpg,9.81
images/room_0126.jpg,8.92
images/room_0127.jpg,9.45
images/room_0128.jpg,6.39
images/room_0129.jpg,8.97
images/room_0130.jpg,9.6
images/room_0131.jpg,9.7
images/room_0132.jpg,9.63
images/room_0133.jpg,9.14
images/room_0134.jpg,9.73
images/room_0135.jpg,8.74
images/room_0136.jpg,9.29
images/room_0137.jpg,8.71
images/room_0138.jpg,9.68
images/room_0139.jpg,9.84
images/room_0140.jpg,7.55
images/room_0141.jpg,9.43
images/room_0142.jpg,9.72
images/room_0143.jpg,9.57
images/room_0144.jpg,9.73
images/room_0145.jpg,9.53
images/room_0146.jpg,9.57
images/room_0147.jpg,9.1
images/room_0148.jpg,9.17
images/room_0149.jpg,9.73
images/room_0150.jpg,9.77
images/room_0151.jpg,9.66
images/room_0152.jpg,8.56
images/room_0153.jpg,9.26
images/room_0154.jpg,9.58
images/room_0155.jpg,9.4
images/room_0156.jpg,9.81
images/room_0157.jpg,8.87
images/room_0158.jpg,9.81
images/room_0159.jpg,9.51
images/room_0160.jpg,8.36
images/room_0161.jpg,9.08
images/room_0162.jpg,9.71
images/room_0163.jpg,9.04
images/room_0164.jpg,9.31
images/room_0165.jpg,9.01
images/room_0166.jpg,9.43
images/room_0167.jpg,9.61
images/room_0168.jpg,6.08
images/room_0169.jpg,9.6
images/room_0170.jpg,8.08
images/room_0171.jpg,9.43
images/room_0172.jpg,9.27
images/room_0173.jpg,8.72
images/room_0174.jpg,8.77
images/room_0175.jpg,9.46
images/room_0176.jpg,7.64
images/room_0177.jpg,9.45
images/room_0178.jpg,8.4
images/room_0179.jpg,8.82
images/room_0180.jpg,9.4
images/room_0181.jpg,8.91
images/room_0182.jpg,8.29
images/room_0183.jpg,9.79
images/room_0184.jpg,9.12
images/room_0185.jpg,5.68
images/room_0186.jpg,9.08
images/room_0187.jpg,9.17
images/room_0188.jpg,8.95
images/room_0189.jpg,9.78
images/room_0190.jpg,9.49
images/room_0191.jpg,7.43
images/room_0192.jpg,9.07
images/room_0193.jpg,9.28
images/room_0194.jpg,9.1
images/room_0195.jpg,9.68
images/room_0196.jpg,7.68
images/room_0197.jpg,9.37
images/room_0198.jpg,8.84
images/room_0199.jpg,6.84
images/room_0200.jpg,8.31
images/room_0201.jpg,5.74
images/room_0202.jpg,9.04
images/room_0203.jpg,9.21
images/room_0204.jpg,9.8
images/room_0205.jpg,8.51
images/room_0206.jpg,8.26
images/room_0207.jpg,9.29
images/room_0208.jpg,8.92
images/room_0209.jpg,7.47
images/room_0210.jpg,9.62
images/room_0211.jpg,9.11
images/room_0212.jpg,8.94
images/room_0213.jpg,8.58
images/room_0214.jpg,9.22
images/room_0215.jpg,9.61
images/room_0216.jpg,9.26
images/room_0217.jpg,8.95
images/room_0218.jpg,7.24
images/room_0219.jpg,7.51
images/room_0220.jpg,8.78
images/room_0221.jpg,8.3
images/room_0222.jpg,9.92
images/room_0223.jpg,9.32
images/room_0224.jpg,9.57
images/room_0225.jpg,9.83
images/room_0226.jpg,8.84
images/room_0227.jpg,8.98
images/room_0228.jpg,9.64
images/room_0229.jpg,9.81
images/room_0230.jpg,8.64
images/room_0231.jpg,9.29
images/room_0232.jpg,7.7
images/room_0233.jpg,9.35
images/room_0234.jpg,9.4
images/room_0235.jpg,9.63
images/room_0236.jpg,8.31
images/room_0237.jpg,9.32
images/room_0238.jpg,9.39
images/room_0239.jpg,9.31
images/room_0240.jpg,9.11
images/room_0241.jpg,8.82
images/room_0242.jpg,7.44
images/room_0243.jpg,9.26
images/room_0244.jpg,9.42
images/room_0245.jpg,8.9
images/room_0246.jpg,8.19
images/room_0247.jpg,9.09
images/room_0248.jpg,8.06
images/room_0249.jpg,9.5
images/room_0250.jpg,8.74
images/room_0251.jpg,9.28
images/room_0252.jpg,9.7
images/room_0253.jpg,8.89
images/room_0254.jpg,9.24
images/room_0255.jpg,8.97
images/room_0256.jpg,8.96
images/room_0257.jpg,8.65
images/room_0258.jpg,9.19
images/room_0259.jpg,8.5
images/room_0260.jpg,9.76
images/room_0261.jpg,9.33
images/room_0262.jpg,9.31
images/room_0263.jpg,7.92
images/room_0264.jpg,6.59
images/room_0265.jpg,9.05
images/room_0266.jpg,9.87
images/room_0267.jpg,9.3
images/room_0268.jpg,9.4
images/room_0269.jpg,9.77
images/room_0270.jpg,9.62
images/room_0271.jpg,9.75
images/room_0272.jpg,8.19
images/room_0273.jpg,8.29
images/room_0274.jpg,9.57
images/room_0275.jpg,8.37
images/room_0276.jpg,6.64
images/room_0277.jpg,8.8
images/room_0278.jpg,9.37
images/room_0279.jpg,8.68
images/room_0280.jpg,8.33
images/room_0281.jpg,7.69
images/room_0282.jpg,8.77
images/room_0283.jpg,9.86
images/room_0284.jpg,8.15
images/room_0285.jpg,8.73
images/room_0286.jpg,9.75
images/room_0287.jpg,9.77
images/room_0288.jpg,9.32
images/room_0289.jpg,9.73
images/room_0290.jpg,9.23
images/room_0291.jpg,5.71
images/room_0292.jpg,7.61
images/room_0293.jpg,7.99
images/room_0294.jpg,9.22
images/room_0295.jpg,8.04
images/room_0296.jpg,9.37
images/room_0297.jpg,7.44
images/room_0298.jpg,8.06
images/room_0299.jpg,8.94
images/room_0300.jpg,9.21
images/room_0301.jpg,8.3
images/room_0302.jpg,9.14
images/room_0303.jpg,8.66
images/room_0304.jpg,9.22
images/room_0305.jpg,9.12
images/room_0306.jpg,9.3
images/room_0307.jpg,9.54
images/room_0308.jpg,9.2
images/room_0309.jpg,9.51
images/room_0310.jpg,9.82
images/room_0311.jpg,9.3
images/room_0312.jpg,9.18
images/room_0313.jpg,9.56
images/room_0314.jpg,9.32
images/room_0315.jpg,8.62
images/room_0316.jpg,9.5
images/room_0317.jpg,8.68
images/room_0318.jpg,9.1
images/room_0319.jpg,8.08
images/room_0320.jpg,9.48
images/room_0321.jpg,5.81
images/room_0322.jpg,9.34
images/room_0323.jpg,9.67
images/room_0324.jpg,8.64
images/room_0325.jpg,7.76
images/room_0326.jpg,9.41
images/room_0327.jpg,9.83
images/room_0328.jpg,9.25
images/room_0329.jpg,7.9
images/room_0330.jpg,8.61
images/room_0331.jpg,7.93
images/room_0332.jpg,9.47
images/room_0333.jpg,7.72
images/room_0334.jpg,8.12
images/room_0335.jpg,9.14
images/room_0336.jpg,8.6
images/room_0337.jpg,9.29
images/room_0338.jpg,9.41
images/room_0339.jpg,8.72
images/room_0340.jpg,9.73
images/room_0341.jpg,9.84
images/room_0342.jpg,7.9
images/room_0343.jpg,9.32
images/room_0344.jpg,8.38
images/room_0345.jpg,9.54
images/room_0346.jpg,8.72
images/room_0347.jpg,8.21
images/room_0348.jpg,8.35
images/room_0349.jpg,9.33
images/room_0350.jpg,9.24
images/room_0351.jpg,9.54
images/room_0352.jpg,9.51
images/room_0353.jpg,9.2
images/room_0354.jpg,9.18
images/room_0355.jpg,9.4
images/room_0356.jpg,8.88
images/room_0357.jpg,9.1
images/room_0358.jpg,8.87
images/room_0359.jpg,9.26
images/room_0360.jpg,9.38
images/room_0361.jpg,9.7
images/room_0362.jpg,8.29
images/room_0363.jpg,8.73
images/room_0364.jpg,9.07
images/room_0365.jpg,9.69
images/room_0366.jpg,9.53
images/room_0367.jpg,9.14
images/room_0368.jpg,9.57
images/room_0369.jpg,9.17
images/room_0370.jpg,9.43
images/room_0371.jpg,9.51
images/room_0372.jpg,9.72
images/room_0373.jpg,9.28
images/room_0374.jpg,8.33
images/room_0375.jpg,9.54
images/room_0376.jpg,8.77
images/room_0377.jpg,9.32
images/room_0378.jpg,8.76
images/room_0379.jpg,8.79
images/room_0380.jpg,9.55
images/room_0381.jpg,5.26
images/room_0382.jpg,9.5
images/room_0383.jpg,9.26
images/room_0384.jpg,9.31
images/room_0385.jpg,9.13
images/room_0386.jpg,8.47
images/room_0387.jpg,9.62
images/room_0388.jpg,9.66
images/room_0389.jpg,9.26
images/room_0390.jpg,9.1
images/room_0391.jpg,8.38
images/room_0392.jpg,9.58
images/room_0393.jpg,9.63
images/room_0394.jpg,7.89
images/room_0395.jpg,9.29
images/room_0396.jpg,8.37
images/room_0397.jpg,9.2
images/room_0398.jpg,9.52
images/room_0399.jpg,7.87
images/room_0400.jpg,7.58
